--
-- PostgreSQL database dump
--

-- Dumped from database version 17.5 (Ubuntu 17.5-0ubuntu0.25.04.1)
-- Dumped by pg_dump version 17.5 (Ubuntu 17.5-0ubuntu0.25.04.1)

SET statement_timeout = 0;
SET lock_timeout = 0;
SET idle_in_transaction_session_timeout = 0;
SET transaction_timeout = 0;
SET client_encoding = 'UTF8';
SET standard_conforming_strings = on;
SELECT pg_catalog.set_config('search_path', '', false);
SET check_function_bodies = false;
SET xmloption = content;
SET client_min_messages = warning;
SET row_security = off;

SET default_tablespace = '';

SET default_table_access_method = heap;

--
-- Name: auth_group; Type: TABLE; Schema: public; Owner: admin
--

CREATE TABLE public.auth_group (
    id integer NOT NULL,
    name character varying(150) NOT NULL
);


ALTER TABLE public.auth_group OWNER TO admin;

--
-- Name: auth_group_id_seq; Type: SEQUENCE; Schema: public; Owner: admin
--

ALTER TABLE public.auth_group ALTER COLUMN id ADD GENERATED BY DEFAULT AS IDENTITY (
    SEQUENCE NAME public.auth_group_id_seq
    START WITH 1
    INCREMENT BY 1
    NO MINVALUE
    NO MAXVALUE
    CACHE 1
);


--
-- Name: auth_group_permissions; Type: TABLE; Schema: public; Owner: admin
--

CREATE TABLE public.auth_group_permissions (
    id bigint NOT NULL,
    group_id integer NOT NULL,
    permission_id integer NOT NULL
);


ALTER TABLE public.auth_group_permissions OWNER TO admin;

--
-- Name: auth_group_permissions_id_seq; Type: SEQUENCE; Schema: public; Owner: admin
--

ALTER TABLE public.auth_group_permissions ALTER COLUMN id ADD GENERATED BY DEFAULT AS IDENTITY (
    SEQUENCE NAME public.auth_group_permissions_id_seq
    START WITH 1
    INCREMENT BY 1
    NO MINVALUE
    NO MAXVALUE
    CACHE 1
);


--
-- Name: auth_permission; Type: TABLE; Schema: public; Owner: admin
--

CREATE TABLE public.auth_permission (
    id integer NOT NULL,
    name character varying(255) NOT NULL,
    content_type_id integer NOT NULL,
    codename character varying(100) NOT NULL
);


ALTER TABLE public.auth_permission OWNER TO admin;

--
-- Name: auth_permission_id_seq; Type: SEQUENCE; Schema: public; Owner: admin
--

ALTER TABLE public.auth_permission ALTER COLUMN id ADD GENERATED BY DEFAULT AS IDENTITY (
    SEQUENCE NAME public.auth_permission_id_seq
    START WITH 1
    INCREMENT BY 1
    NO MINVALUE
    NO MAXVALUE
    CACHE 1
);


--
-- Name: auth_user; Type: TABLE; Schema: public; Owner: admin
--

CREATE TABLE public.auth_user (
    id integer NOT NULL,
    password character varying(128) NOT NULL,
    last_login timestamp with time zone,
    is_superuser boolean NOT NULL,
    username character varying(150) NOT NULL,
    first_name character varying(150) NOT NULL,
    last_name character varying(150) NOT NULL,
    email character varying(254) NOT NULL,
    is_staff boolean NOT NULL,
    is_active boolean NOT NULL,
    date_joined timestamp with time zone NOT NULL
);


ALTER TABLE public.auth_user OWNER TO admin;

--
-- Name: auth_user_groups; Type: TABLE; Schema: public; Owner: admin
--

CREATE TABLE public.auth_user_groups (
    id bigint NOT NULL,
    user_id integer NOT NULL,
    group_id integer NOT NULL
);


ALTER TABLE public.auth_user_groups OWNER TO admin;

--
-- Name: auth_user_groups_id_seq; Type: SEQUENCE; Schema: public; Owner: admin
--

ALTER TABLE public.auth_user_groups ALTER COLUMN id ADD GENERATED BY DEFAULT AS IDENTITY (
    SEQUENCE NAME public.auth_user_groups_id_seq
    START WITH 1
    INCREMENT BY 1
    NO MINVALUE
    NO MAXVALUE
    CACHE 1
);


--
-- Name: auth_user_id_seq; Type: SEQUENCE; Schema: public; Owner: admin
--

ALTER TABLE public.auth_user ALTER COLUMN id ADD GENERATED BY DEFAULT AS IDENTITY (
    SEQUENCE NAME public.auth_user_id_seq
    START WITH 1
    INCREMENT BY 1
    NO MINVALUE
    NO MAXVALUE
    CACHE 1
);


--
-- Name: auth_user_user_permissions; Type: TABLE; Schema: public; Owner: admin
--

CREATE TABLE public.auth_user_user_permissions (
    id bigint NOT NULL,
    user_id integer NOT NULL,
    permission_id integer NOT NULL
);


ALTER TABLE public.auth_user_user_permissions OWNER TO admin;

--
-- Name: auth_user_user_permissions_id_seq; Type: SEQUENCE; Schema: public; Owner: admin
--

ALTER TABLE public.auth_user_user_permissions ALTER COLUMN id ADD GENERATED BY DEFAULT AS IDENTITY (
    SEQUENCE NAME public.auth_user_user_permissions_id_seq
    START WITH 1
    INCREMENT BY 1
    NO MINVALUE
    NO MAXVALUE
    CACHE 1
);


--
-- Name: authtoken_token; Type: TABLE; Schema: public; Owner: admin
--

CREATE TABLE public.authtoken_token (
    key character varying(40) NOT NULL,
    created timestamp with time zone NOT NULL,
    user_id integer NOT NULL
);


ALTER TABLE public.authtoken_token OWNER TO admin;

--
-- Name: django_admin_log; Type: TABLE; Schema: public; Owner: admin
--

CREATE TABLE public.django_admin_log (
    id integer NOT NULL,
    action_time timestamp with time zone NOT NULL,
    object_id text,
    object_repr character varying(200) NOT NULL,
    action_flag smallint NOT NULL,
    change_message text NOT NULL,
    content_type_id integer,
    user_id integer NOT NULL,
    CONSTRAINT django_admin_log_action_flag_check CHECK ((action_flag >= 0))
);


ALTER TABLE public.django_admin_log OWNER TO admin;

--
-- Name: django_admin_log_id_seq; Type: SEQUENCE; Schema: public; Owner: admin
--

ALTER TABLE public.django_admin_log ALTER COLUMN id ADD GENERATED BY DEFAULT AS IDENTITY (
    SEQUENCE NAME public.django_admin_log_id_seq
    START WITH 1
    INCREMENT BY 1
    NO MINVALUE
    NO MAXVALUE
    CACHE 1
);


--
-- Name: django_content_type; Type: TABLE; Schema: public; Owner: admin
--

CREATE TABLE public.django_content_type (
    id integer NOT NULL,
    app_label character varying(100) NOT NULL,
    model character varying(100) NOT NULL
);


ALTER TABLE public.django_content_type OWNER TO admin;

--
-- Name: django_content_type_id_seq; Type: SEQUENCE; Schema: public; Owner: admin
--

ALTER TABLE public.django_content_type ALTER COLUMN id ADD GENERATED BY DEFAULT AS IDENTITY (
    SEQUENCE NAME public.django_content_type_id_seq
    START WITH 1
    INCREMENT BY 1
    NO MINVALUE
    NO MAXVALUE
    CACHE 1
);


--
-- Name: django_migrations; Type: TABLE; Schema: public; Owner: admin
--

CREATE TABLE public.django_migrations (
    id bigint NOT NULL,
    app character varying(255) NOT NULL,
    name character varying(255) NOT NULL,
    applied timestamp with time zone NOT NULL
);


ALTER TABLE public.django_migrations OWNER TO admin;

--
-- Name: django_migrations_id_seq; Type: SEQUENCE; Schema: public; Owner: admin
--

ALTER TABLE public.django_migrations ALTER COLUMN id ADD GENERATED BY DEFAULT AS IDENTITY (
    SEQUENCE NAME public.django_migrations_id_seq
    START WITH 1
    INCREMENT BY 1
    NO MINVALUE
    NO MAXVALUE
    CACHE 1
);


--
-- Name: django_session; Type: TABLE; Schema: public; Owner: admin
--

CREATE TABLE public.django_session (
    session_key character varying(40) NOT NULL,
    session_data text NOT NULL,
    expire_date timestamp with time zone NOT NULL
);


ALTER TABLE public.django_session OWNER TO admin;

--
-- Name: users_doctor; Type: TABLE; Schema: public; Owner: admin
--

CREATE TABLE public.users_doctor (
    doctor_id uuid NOT NULL,
    first_name character varying(100) NOT NULL,
    last_name character varying(100) NOT NULL,
    email character varying(254) NOT NULL,
    phone_number character varying(10) NOT NULL,
    specialization character varying(100) NOT NULL,
    experience integer NOT NULL,
    created_at timestamp with time zone NOT NULL,
    updated_at timestamp with time zone NOT NULL,
    CONSTRAINT users_doctor_experience_check CHECK ((experience >= 0))
);


ALTER TABLE public.users_doctor OWNER TO admin;

--
-- Name: users_patient; Type: TABLE; Schema: public; Owner: admin
--

CREATE TABLE public.users_patient (
    patient_id uuid NOT NULL,
    first_name character varying(100) NOT NULL,
    last_name character varying(100) NOT NULL,
    email character varying(254) NOT NULL,
    gender character varying(10) NOT NULL,
    age integer NOT NULL,
    phone_number character varying(10) NOT NULL,
    date_of_birth date NOT NULL,
    address text NOT NULL,
    created_at timestamp with time zone NOT NULL,
    updated_at timestamp with time zone NOT NULL,
    CONSTRAINT users_patient_age_check CHECK ((age >= 0))
);


ALTER TABLE public.users_patient OWNER TO admin;

--
-- Name: users_patient_doctors; Type: TABLE; Schema: public; Owner: admin
--

CREATE TABLE public.users_patient_doctors (
    id bigint NOT NULL,
    patient_id uuid NOT NULL,
    doctor_id uuid NOT NULL
);


ALTER TABLE public.users_patient_doctors OWNER TO admin;

--
-- Name: users_patient_doctors_id_seq; Type: SEQUENCE; Schema: public; Owner: admin
--

ALTER TABLE public.users_patient_doctors ALTER COLUMN id ADD GENERATED BY DEFAULT AS IDENTITY (
    SEQUENCE NAME public.users_patient_doctors_id_seq
    START WITH 1
    INCREMENT BY 1
    NO MINVALUE
    NO MAXVALUE
    CACHE 1
);


--
-- Name: users_patientdoctormapping; Type: TABLE; Schema: public; Owner: admin
--

CREATE TABLE public.users_patientdoctormapping (
    mapping_id uuid NOT NULL,
    created_at timestamp with time zone NOT NULL,
    doctor_id_id uuid NOT NULL,
    patient_id_id uuid NOT NULL
);


ALTER TABLE public.users_patientdoctormapping OWNER TO admin;

--
-- Data for Name: auth_group; Type: TABLE DATA; Schema: public; Owner: admin
--

COPY public.auth_group (id, name) FROM stdin;
\.


--
-- Data for Name: auth_group_permissions; Type: TABLE DATA; Schema: public; Owner: admin
--

COPY public.auth_group_permissions (id, group_id, permission_id) FROM stdin;
\.


--
-- Data for Name: auth_permission; Type: TABLE DATA; Schema: public; Owner: admin
--

COPY public.auth_permission (id, name, content_type_id, codename) FROM stdin;
1	Can add log entry	1	add_logentry
2	Can change log entry	1	change_logentry
3	Can delete log entry	1	delete_logentry
4	Can view log entry	1	view_logentry
5	Can add permission	2	add_permission
6	Can change permission	2	change_permission
7	Can delete permission	2	delete_permission
8	Can view permission	2	view_permission
9	Can add group	3	add_group
10	Can change group	3	change_group
11	Can delete group	3	delete_group
12	Can view group	3	view_group
13	Can add user	4	add_user
14	Can change user	4	change_user
15	Can delete user	4	delete_user
16	Can view user	4	view_user
17	Can add content type	5	add_contenttype
18	Can change content type	5	change_contenttype
19	Can delete content type	5	delete_contenttype
20	Can view content type	5	view_contenttype
21	Can add session	6	add_session
22	Can change session	6	change_session
23	Can delete session	6	delete_session
24	Can view session	6	view_session
25	Can add Token	7	add_token
26	Can change Token	7	change_token
27	Can delete Token	7	delete_token
28	Can view Token	7	view_token
29	Can add Token	8	add_tokenproxy
30	Can change Token	8	change_tokenproxy
31	Can delete Token	8	delete_tokenproxy
32	Can view Token	8	view_tokenproxy
33	Can add doctor	9	add_doctor
34	Can change doctor	9	change_doctor
35	Can delete doctor	9	delete_doctor
36	Can view doctor	9	view_doctor
37	Can add patient	10	add_patient
38	Can change patient	10	change_patient
39	Can delete patient	10	delete_patient
40	Can view patient	10	view_patient
41	Can add patient doctor mapping	11	add_patientdoctormapping
42	Can change patient doctor mapping	11	change_patientdoctormapping
43	Can delete patient doctor mapping	11	delete_patientdoctormapping
44	Can view patient doctor mapping	11	view_patientdoctormapping
\.


--
-- Data for Name: auth_user; Type: TABLE DATA; Schema: public; Owner: admin
--

COPY public.auth_user (id, password, last_login, is_superuser, username, first_name, last_name, email, is_staff, is_active, date_joined) FROM stdin;
3	pbkdf2_sha256$600000$eF5c26MIlJp7eP006W5aE3$dNJ8s01HxSd+MumGWhLxWFu4HYQTvqxQ4hWfO+ThhdU=	\N	f	pravin@example.com	Pravin	Kumar	pravin@example.com	f	t	2025-06-28 17:27:36.305774+05:30
4	pbkdf2_sha256$600000$NgKZ6JKhjctkwV7ZBS1pMQ$45Xk1FWyzJ1CflfJFZPXyUL7V48DccQS6JrJ6u9SvHM=	2025-06-28 21:48:32.57541+05:30	t	admin			admin1@gmail.com	t	t	2025-06-28 20:27:21.565887+05:30
\.


--
-- Data for Name: auth_user_groups; Type: TABLE DATA; Schema: public; Owner: admin
--

COPY public.auth_user_groups (id, user_id, group_id) FROM stdin;
\.


--
-- Data for Name: auth_user_user_permissions; Type: TABLE DATA; Schema: public; Owner: admin
--

COPY public.auth_user_user_permissions (id, user_id, permission_id) FROM stdin;
\.


--
-- Data for Name: authtoken_token; Type: TABLE DATA; Schema: public; Owner: admin
--

COPY public.authtoken_token (key, created, user_id) FROM stdin;
\.


--
-- Data for Name: django_admin_log; Type: TABLE DATA; Schema: public; Owner: admin
--

COPY public.django_admin_log (id, action_time, object_id, object_repr, action_flag, change_message, content_type_id, user_id) FROM stdin;
3	2025-06-28 20:27:44.446516+05:30	114c4d36-0594-494a-9e59-c7004fa94224	Pravin Kumar	3		10	4
\.


--
-- Data for Name: django_content_type; Type: TABLE DATA; Schema: public; Owner: admin
--

COPY public.django_content_type (id, app_label, model) FROM stdin;
1	admin	logentry
2	auth	permission
3	auth	group
4	auth	user
5	contenttypes	contenttype
6	sessions	session
7	authtoken	token
8	authtoken	tokenproxy
9	users	doctor
10	users	patient
11	users	patientdoctormapping
\.


--
-- Data for Name: django_migrations; Type: TABLE DATA; Schema: public; Owner: admin
--

COPY public.django_migrations (id, app, name, applied) FROM stdin;
1	contenttypes	0001_initial	2025-06-28 15:30:44.921474+05:30
2	auth	0001_initial	2025-06-28 15:30:44.989038+05:30
3	admin	0001_initial	2025-06-28 15:30:45.00293+05:30
4	admin	0002_logentry_remove_auto_add	2025-06-28 15:30:45.020319+05:30
5	admin	0003_logentry_add_action_flag_choices	2025-06-28 15:30:45.030699+05:30
6	contenttypes	0002_remove_content_type_name	2025-06-28 15:30:45.0619+05:30
7	auth	0002_alter_permission_name_max_length	2025-06-28 15:30:45.072991+05:30
8	auth	0003_alter_user_email_max_length	2025-06-28 15:30:45.08748+05:30
9	auth	0004_alter_user_username_opts	2025-06-28 15:30:45.095235+05:30
10	auth	0005_alter_user_last_login_null	2025-06-28 15:30:45.104926+05:30
11	auth	0006_require_contenttypes_0002	2025-06-28 15:30:45.108547+05:30
12	auth	0007_alter_validators_add_error_messages	2025-06-28 15:30:45.115787+05:30
13	auth	0008_alter_user_username_max_length	2025-06-28 15:30:45.127731+05:30
14	auth	0009_alter_user_last_name_max_length	2025-06-28 15:30:45.137366+05:30
15	auth	0010_alter_group_name_max_length	2025-06-28 15:30:45.145224+05:30
16	auth	0011_update_proxy_permissions	2025-06-28 15:30:45.154478+05:30
17	auth	0012_alter_user_first_name_max_length	2025-06-28 15:30:45.161293+05:30
18	sessions	0001_initial	2025-06-28 15:30:45.166629+05:30
19	authtoken	0001_initial	2025-06-28 16:35:15.19856+05:30
20	authtoken	0002_auto_20160226_1747	2025-06-28 16:35:15.225685+05:30
21	authtoken	0003_tokenproxy	2025-06-28 16:35:15.229161+05:30
22	authtoken	0004_alter_tokenproxy_options	2025-06-28 16:35:15.234172+05:30
23	users	0001_initial	2025-06-28 18:22:28.518028+05:30
24	users	0002_patientdoctormapping	2025-06-28 20:07:38.659757+05:30
25	users	0003_rename_id_doctor_doctor_id_and_more	2025-06-28 21:15:27.511976+05:30
26	users	0004_rename_doctor_patientdoctormapping_doctor_id_and_more	2025-06-28 21:15:27.556619+05:30
27	users	0005_rename_doctor_id_doctor_id_and_more	2025-06-28 21:20:09.429784+05:30
28	users	0006_rename_doctor_patientdoctormapping_doctor_id_and_more	2025-06-28 21:21:22.731571+05:30
29	users	0007_rename_id_doctor_doctor_id_and_more	2025-06-28 21:44:20.706159+05:30
\.


--
-- Data for Name: django_session; Type: TABLE DATA; Schema: public; Owner: admin
--

COPY public.django_session (session_key, session_data, expire_date) FROM stdin;
q1mngap58xc4zxd7j98eyrwjlz64viqm	.eJxVjMsOwiAQRf-FtSGAUx4u3fcbyAwMUjU0Ke3K-O_apAvd3nPOfYmI21rj1nmJUxYXAeL0uxGmB7cd5Du22yzT3NZlIrkr8qBdjnPm5_Vw_w4q9vqtCwajUhqKssZjTqqcwVIAA-xAK0ieNRIgcaDsnLaalclmCN4yAwfx_gDtKzgC:1uVWze:7HTyLB0FijISjqRyv5yAZ_AEcl5Gt5znVDO8YjwUR8s	2025-07-12 20:27:26.063533+05:30
wroxmpl9nxnak5z53lwicc1c4w9taeoz	.eJxVjMsOwiAQRf-FtSGAUx4u3fcbyAwMUjU0Ke3K-O_apAvd3nPOfYmI21rj1nmJUxYXAeL0uxGmB7cd5Du22yzT3NZlIrkr8qBdjnPm5_Vw_w4q9vqtCwajUhqKssZjTqqcwVIAA-xAK0ieNRIgcaDsnLaalclmCN4yAwfx_gDtKzgC:1uVYG8:WaPQK9bje8LYuGNrpGfy1eIlqnrwL1nyMivqHyHihK8	2025-07-12 21:48:32.578147+05:30
\.


--
-- Data for Name: users_doctor; Type: TABLE DATA; Schema: public; Owner: admin
--

COPY public.users_doctor (doctor_id, first_name, last_name, email, phone_number, specialization, experience, created_at, updated_at) FROM stdin;
fb68fd88-06e6-4a91-b00e-7ca2059d44e6	Shubajeet	Sarkar	shubsarkar1@gmail.com	8299212921	General Physician	14	2025-06-28 19:44:34.934554+05:30	2025-06-28 19:44:34.934563+05:30
da581c60-4a09-4a44-8de8-ce994c1ffe9c	D	Bhatt	d1@gmail.com	9282382181	Eye Specialist	11	2025-06-28 21:01:37.423777+05:30	2025-06-28 21:01:37.423788+05:30
3b5c5183-08b6-4a4a-be6a-de6fb09ef851	S	Nitin	nitin1@gmail.com	9023123210	Surgeon	10	2025-06-28 21:02:34.932279+05:30	2025-06-28 21:02:34.932288+05:30
\.


--
-- Data for Name: users_patient; Type: TABLE DATA; Schema: public; Owner: admin
--

COPY public.users_patient (patient_id, first_name, last_name, email, gender, age, phone_number, date_of_birth, address, created_at, updated_at) FROM stdin;
ed564755-abc6-4528-9076-26a861b5341c	Alias	One	alias1@gmail.com	male	21	919029232	2001-08-21	Six Sigma Green Bellt	2025-06-28 21:03:34.425835+05:30	2025-06-28 21:03:34.425844+05:30
\.


--
-- Data for Name: users_patient_doctors; Type: TABLE DATA; Schema: public; Owner: admin
--

COPY public.users_patient_doctors (id, patient_id, doctor_id) FROM stdin;
3	ed564755-abc6-4528-9076-26a861b5341c	fb68fd88-06e6-4a91-b00e-7ca2059d44e6
4	ed564755-abc6-4528-9076-26a861b5341c	3b5c5183-08b6-4a4a-be6a-de6fb09ef851
5	ed564755-abc6-4528-9076-26a861b5341c	da581c60-4a09-4a44-8de8-ce994c1ffe9c
\.


--
-- Data for Name: users_patientdoctormapping; Type: TABLE DATA; Schema: public; Owner: admin
--

COPY public.users_patientdoctormapping (mapping_id, created_at, doctor_id_id, patient_id_id) FROM stdin;
3590f4b1-8ff7-4095-b185-8c9152916573	2025-06-28 21:03:34.433703+05:30	fb68fd88-06e6-4a91-b00e-7ca2059d44e6	ed564755-abc6-4528-9076-26a861b5341c
fa42f9a2-6f76-4b32-a3c6-5fe9cadd0683	2025-06-28 21:03:34.436952+05:30	3b5c5183-08b6-4a4a-be6a-de6fb09ef851	ed564755-abc6-4528-9076-26a861b5341c
2404dbf6-bbe8-4c71-aa7f-ae30aad76b54	2025-06-28 21:22:33.984039+05:30	da581c60-4a09-4a44-8de8-ce994c1ffe9c	ed564755-abc6-4528-9076-26a861b5341c
\.


--
-- Name: auth_group_id_seq; Type: SEQUENCE SET; Schema: public; Owner: admin
--

SELECT pg_catalog.setval('public.auth_group_id_seq', 1, false);


--
-- Name: auth_group_permissions_id_seq; Type: SEQUENCE SET; Schema: public; Owner: admin
--

SELECT pg_catalog.setval('public.auth_group_permissions_id_seq', 1, false);


--
-- Name: auth_permission_id_seq; Type: SEQUENCE SET; Schema: public; Owner: admin
--

SELECT pg_catalog.setval('public.auth_permission_id_seq', 44, true);


--
-- Name: auth_user_groups_id_seq; Type: SEQUENCE SET; Schema: public; Owner: admin
--

SELECT pg_catalog.setval('public.auth_user_groups_id_seq', 1, false);


--
-- Name: auth_user_id_seq; Type: SEQUENCE SET; Schema: public; Owner: admin
--

SELECT pg_catalog.setval('public.auth_user_id_seq', 4, true);


--
-- Name: auth_user_user_permissions_id_seq; Type: SEQUENCE SET; Schema: public; Owner: admin
--

SELECT pg_catalog.setval('public.auth_user_user_permissions_id_seq', 1, false);


--
-- Name: django_admin_log_id_seq; Type: SEQUENCE SET; Schema: public; Owner: admin
--

SELECT pg_catalog.setval('public.django_admin_log_id_seq', 3, true);


--
-- Name: django_content_type_id_seq; Type: SEQUENCE SET; Schema: public; Owner: admin
--

SELECT pg_catalog.setval('public.django_content_type_id_seq', 11, true);


--
-- Name: django_migrations_id_seq; Type: SEQUENCE SET; Schema: public; Owner: admin
--

SELECT pg_catalog.setval('public.django_migrations_id_seq', 29, true);


--
-- Name: users_patient_doctors_id_seq; Type: SEQUENCE SET; Schema: public; Owner: admin
--

SELECT pg_catalog.setval('public.users_patient_doctors_id_seq', 5, true);


--
-- Name: auth_group auth_group_name_key; Type: CONSTRAINT; Schema: public; Owner: admin
--

ALTER TABLE ONLY public.auth_group
    ADD CONSTRAINT auth_group_name_key UNIQUE (name);


--
-- Name: auth_group_permissions auth_group_permissions_group_id_permission_id_0cd325b0_uniq; Type: CONSTRAINT; Schema: public; Owner: admin
--

ALTER TABLE ONLY public.auth_group_permissions
    ADD CONSTRAINT auth_group_permissions_group_id_permission_id_0cd325b0_uniq UNIQUE (group_id, permission_id);


--
-- Name: auth_group_permissions auth_group_permissions_pkey; Type: CONSTRAINT; Schema: public; Owner: admin
--

ALTER TABLE ONLY public.auth_group_permissions
    ADD CONSTRAINT auth_group_permissions_pkey PRIMARY KEY (id);


--
-- Name: auth_group auth_group_pkey; Type: CONSTRAINT; Schema: public; Owner: admin
--

ALTER TABLE ONLY public.auth_group
    ADD CONSTRAINT auth_group_pkey PRIMARY KEY (id);


--
-- Name: auth_permission auth_permission_content_type_id_codename_01ab375a_uniq; Type: CONSTRAINT; Schema: public; Owner: admin
--

ALTER TABLE ONLY public.auth_permission
    ADD CONSTRAINT auth_permission_content_type_id_codename_01ab375a_uniq UNIQUE (content_type_id, codename);


--
-- Name: auth_permission auth_permission_pkey; Type: CONSTRAINT; Schema: public; Owner: admin
--

ALTER TABLE ONLY public.auth_permission
    ADD CONSTRAINT auth_permission_pkey PRIMARY KEY (id);


--
-- Name: auth_user_groups auth_user_groups_pkey; Type: CONSTRAINT; Schema: public; Owner: admin
--

ALTER TABLE ONLY public.auth_user_groups
    ADD CONSTRAINT auth_user_groups_pkey PRIMARY KEY (id);


--
-- Name: auth_user_groups auth_user_groups_user_id_group_id_94350c0c_uniq; Type: CONSTRAINT; Schema: public; Owner: admin
--

ALTER TABLE ONLY public.auth_user_groups
    ADD CONSTRAINT auth_user_groups_user_id_group_id_94350c0c_uniq UNIQUE (user_id, group_id);


--
-- Name: auth_user auth_user_pkey; Type: CONSTRAINT; Schema: public; Owner: admin
--

ALTER TABLE ONLY public.auth_user
    ADD CONSTRAINT auth_user_pkey PRIMARY KEY (id);


--
-- Name: auth_user_user_permissions auth_user_user_permissions_pkey; Type: CONSTRAINT; Schema: public; Owner: admin
--

ALTER TABLE ONLY public.auth_user_user_permissions
    ADD CONSTRAINT auth_user_user_permissions_pkey PRIMARY KEY (id);


--
-- Name: auth_user_user_permissions auth_user_user_permissions_user_id_permission_id_14a6b632_uniq; Type: CONSTRAINT; Schema: public; Owner: admin
--

ALTER TABLE ONLY public.auth_user_user_permissions
    ADD CONSTRAINT auth_user_user_permissions_user_id_permission_id_14a6b632_uniq UNIQUE (user_id, permission_id);


--
-- Name: auth_user auth_user_username_key; Type: CONSTRAINT; Schema: public; Owner: admin
--

ALTER TABLE ONLY public.auth_user
    ADD CONSTRAINT auth_user_username_key UNIQUE (username);


--
-- Name: authtoken_token authtoken_token_pkey; Type: CONSTRAINT; Schema: public; Owner: admin
--

ALTER TABLE ONLY public.authtoken_token
    ADD CONSTRAINT authtoken_token_pkey PRIMARY KEY (key);


--
-- Name: authtoken_token authtoken_token_user_id_key; Type: CONSTRAINT; Schema: public; Owner: admin
--

ALTER TABLE ONLY public.authtoken_token
    ADD CONSTRAINT authtoken_token_user_id_key UNIQUE (user_id);


--
-- Name: django_admin_log django_admin_log_pkey; Type: CONSTRAINT; Schema: public; Owner: admin
--

ALTER TABLE ONLY public.django_admin_log
    ADD CONSTRAINT django_admin_log_pkey PRIMARY KEY (id);


--
-- Name: django_content_type django_content_type_app_label_model_76bd3d3b_uniq; Type: CONSTRAINT; Schema: public; Owner: admin
--

ALTER TABLE ONLY public.django_content_type
    ADD CONSTRAINT django_content_type_app_label_model_76bd3d3b_uniq UNIQUE (app_label, model);


--
-- Name: django_content_type django_content_type_pkey; Type: CONSTRAINT; Schema: public; Owner: admin
--

ALTER TABLE ONLY public.django_content_type
    ADD CONSTRAINT django_content_type_pkey PRIMARY KEY (id);


--
-- Name: django_migrations django_migrations_pkey; Type: CONSTRAINT; Schema: public; Owner: admin
--

ALTER TABLE ONLY public.django_migrations
    ADD CONSTRAINT django_migrations_pkey PRIMARY KEY (id);


--
-- Name: django_session django_session_pkey; Type: CONSTRAINT; Schema: public; Owner: admin
--

ALTER TABLE ONLY public.django_session
    ADD CONSTRAINT django_session_pkey PRIMARY KEY (session_key);


--
-- Name: users_doctor users_doctor_email_key; Type: CONSTRAINT; Schema: public; Owner: admin
--

ALTER TABLE ONLY public.users_doctor
    ADD CONSTRAINT users_doctor_email_key UNIQUE (email);


--
-- Name: users_doctor users_doctor_pkey; Type: CONSTRAINT; Schema: public; Owner: admin
--

ALTER TABLE ONLY public.users_doctor
    ADD CONSTRAINT users_doctor_pkey PRIMARY KEY (doctor_id);


--
-- Name: users_patient_doctors users_patient_doctors_patient_id_doctor_id_75ca967b_uniq; Type: CONSTRAINT; Schema: public; Owner: admin
--

ALTER TABLE ONLY public.users_patient_doctors
    ADD CONSTRAINT users_patient_doctors_patient_id_doctor_id_75ca967b_uniq UNIQUE (patient_id, doctor_id);


--
-- Name: users_patient_doctors users_patient_doctors_pkey; Type: CONSTRAINT; Schema: public; Owner: admin
--

ALTER TABLE ONLY public.users_patient_doctors
    ADD CONSTRAINT users_patient_doctors_pkey PRIMARY KEY (id);


--
-- Name: users_patient users_patient_email_key; Type: CONSTRAINT; Schema: public; Owner: admin
--

ALTER TABLE ONLY public.users_patient
    ADD CONSTRAINT users_patient_email_key UNIQUE (email);


--
-- Name: users_patient users_patient_pkey; Type: CONSTRAINT; Schema: public; Owner: admin
--

ALTER TABLE ONLY public.users_patient
    ADD CONSTRAINT users_patient_pkey PRIMARY KEY (patient_id);


--
-- Name: users_patientdoctormapping users_patientdoctormapping_patient_id_doctor_id_91616d3f_uniq; Type: CONSTRAINT; Schema: public; Owner: admin
--

ALTER TABLE ONLY public.users_patientdoctormapping
    ADD CONSTRAINT users_patientdoctormapping_patient_id_doctor_id_91616d3f_uniq UNIQUE (patient_id_id, doctor_id_id);


--
-- Name: users_patientdoctormapping users_patientdoctormapping_pkey; Type: CONSTRAINT; Schema: public; Owner: admin
--

ALTER TABLE ONLY public.users_patientdoctormapping
    ADD CONSTRAINT users_patientdoctormapping_pkey PRIMARY KEY (mapping_id);


--
-- Name: auth_group_name_a6ea08ec_like; Type: INDEX; Schema: public; Owner: admin
--

CREATE INDEX auth_group_name_a6ea08ec_like ON public.auth_group USING btree (name varchar_pattern_ops);


--
-- Name: auth_group_permissions_group_id_b120cbf9; Type: INDEX; Schema: public; Owner: admin
--

CREATE INDEX auth_group_permissions_group_id_b120cbf9 ON public.auth_group_permissions USING btree (group_id);


--
-- Name: auth_group_permissions_permission_id_84c5c92e; Type: INDEX; Schema: public; Owner: admin
--

CREATE INDEX auth_group_permissions_permission_id_84c5c92e ON public.auth_group_permissions USING btree (permission_id);


--
-- Name: auth_permission_content_type_id_2f476e4b; Type: INDEX; Schema: public; Owner: admin
--

CREATE INDEX auth_permission_content_type_id_2f476e4b ON public.auth_permission USING btree (content_type_id);


--
-- Name: auth_user_groups_group_id_97559544; Type: INDEX; Schema: public; Owner: admin
--

CREATE INDEX auth_user_groups_group_id_97559544 ON public.auth_user_groups USING btree (group_id);


--
-- Name: auth_user_groups_user_id_6a12ed8b; Type: INDEX; Schema: public; Owner: admin
--

CREATE INDEX auth_user_groups_user_id_6a12ed8b ON public.auth_user_groups USING btree (user_id);


--
-- Name: auth_user_user_permissions_permission_id_1fbb5f2c; Type: INDEX; Schema: public; Owner: admin
--

CREATE INDEX auth_user_user_permissions_permission_id_1fbb5f2c ON public.auth_user_user_permissions USING btree (permission_id);


--
-- Name: auth_user_user_permissions_user_id_a95ead1b; Type: INDEX; Schema: public; Owner: admin
--

CREATE INDEX auth_user_user_permissions_user_id_a95ead1b ON public.auth_user_user_permissions USING btree (user_id);


--
-- Name: auth_user_username_6821ab7c_like; Type: INDEX; Schema: public; Owner: admin
--

CREATE INDEX auth_user_username_6821ab7c_like ON public.auth_user USING btree (username varchar_pattern_ops);


--
-- Name: authtoken_token_key_10f0b77e_like; Type: INDEX; Schema: public; Owner: admin
--

CREATE INDEX authtoken_token_key_10f0b77e_like ON public.authtoken_token USING btree (key varchar_pattern_ops);


--
-- Name: django_admin_log_content_type_id_c4bce8eb; Type: INDEX; Schema: public; Owner: admin
--

CREATE INDEX django_admin_log_content_type_id_c4bce8eb ON public.django_admin_log USING btree (content_type_id);


--
-- Name: django_admin_log_user_id_c564eba6; Type: INDEX; Schema: public; Owner: admin
--

CREATE INDEX django_admin_log_user_id_c564eba6 ON public.django_admin_log USING btree (user_id);


--
-- Name: django_session_expire_date_a5c62663; Type: INDEX; Schema: public; Owner: admin
--

CREATE INDEX django_session_expire_date_a5c62663 ON public.django_session USING btree (expire_date);


--
-- Name: django_session_session_key_c0390e0f_like; Type: INDEX; Schema: public; Owner: admin
--

CREATE INDEX django_session_session_key_c0390e0f_like ON public.django_session USING btree (session_key varchar_pattern_ops);


--
-- Name: users_doctor_email_83f447c1_like; Type: INDEX; Schema: public; Owner: admin
--

CREATE INDEX users_doctor_email_83f447c1_like ON public.users_doctor USING btree (email varchar_pattern_ops);


--
-- Name: users_patient_doctors_doctor_id_d68d5528; Type: INDEX; Schema: public; Owner: admin
--

CREATE INDEX users_patient_doctors_doctor_id_d68d5528 ON public.users_patient_doctors USING btree (doctor_id);


--
-- Name: users_patient_doctors_patient_id_92369091; Type: INDEX; Schema: public; Owner: admin
--

CREATE INDEX users_patient_doctors_patient_id_92369091 ON public.users_patient_doctors USING btree (patient_id);


--
-- Name: users_patient_email_7abeb076_like; Type: INDEX; Schema: public; Owner: admin
--

CREATE INDEX users_patient_email_7abeb076_like ON public.users_patient USING btree (email varchar_pattern_ops);


--
-- Name: users_patientdoctormapping_doctor_id_0e528b81; Type: INDEX; Schema: public; Owner: admin
--

CREATE INDEX users_patientdoctormapping_doctor_id_0e528b81 ON public.users_patientdoctormapping USING btree (doctor_id_id);


--
-- Name: users_patientdoctormapping_patient_id_5a792f04; Type: INDEX; Schema: public; Owner: admin
--

CREATE INDEX users_patientdoctormapping_patient_id_5a792f04 ON public.users_patientdoctormapping USING btree (patient_id_id);


--
-- Name: auth_group_permissions auth_group_permissio_permission_id_84c5c92e_fk_auth_perm; Type: FK CONSTRAINT; Schema: public; Owner: admin
--

ALTER TABLE ONLY public.auth_group_permissions
    ADD CONSTRAINT auth_group_permissio_permission_id_84c5c92e_fk_auth_perm FOREIGN KEY (permission_id) REFERENCES public.auth_permission(id) DEFERRABLE INITIALLY DEFERRED;


--
-- Name: auth_group_permissions auth_group_permissions_group_id_b120cbf9_fk_auth_group_id; Type: FK CONSTRAINT; Schema: public; Owner: admin
--

ALTER TABLE ONLY public.auth_group_permissions
    ADD CONSTRAINT auth_group_permissions_group_id_b120cbf9_fk_auth_group_id FOREIGN KEY (group_id) REFERENCES public.auth_group(id) DEFERRABLE INITIALLY DEFERRED;


--
-- Name: auth_permission auth_permission_content_type_id_2f476e4b_fk_django_co; Type: FK CONSTRAINT; Schema: public; Owner: admin
--

ALTER TABLE ONLY public.auth_permission
    ADD CONSTRAINT auth_permission_content_type_id_2f476e4b_fk_django_co FOREIGN KEY (content_type_id) REFERENCES public.django_content_type(id) DEFERRABLE INITIALLY DEFERRED;


--
-- Name: auth_user_groups auth_user_groups_group_id_97559544_fk_auth_group_id; Type: FK CONSTRAINT; Schema: public; Owner: admin
--

ALTER TABLE ONLY public.auth_user_groups
    ADD CONSTRAINT auth_user_groups_group_id_97559544_fk_auth_group_id FOREIGN KEY (group_id) REFERENCES public.auth_group(id) DEFERRABLE INITIALLY DEFERRED;


--
-- Name: auth_user_groups auth_user_groups_user_id_6a12ed8b_fk_auth_user_id; Type: FK CONSTRAINT; Schema: public; Owner: admin
--

ALTER TABLE ONLY public.auth_user_groups
    ADD CONSTRAINT auth_user_groups_user_id_6a12ed8b_fk_auth_user_id FOREIGN KEY (user_id) REFERENCES public.auth_user(id) DEFERRABLE INITIALLY DEFERRED;


--
-- Name: auth_user_user_permissions auth_user_user_permi_permission_id_1fbb5f2c_fk_auth_perm; Type: FK CONSTRAINT; Schema: public; Owner: admin
--

ALTER TABLE ONLY public.auth_user_user_permissions
    ADD CONSTRAINT auth_user_user_permi_permission_id_1fbb5f2c_fk_auth_perm FOREIGN KEY (permission_id) REFERENCES public.auth_permission(id) DEFERRABLE INITIALLY DEFERRED;


--
-- Name: auth_user_user_permissions auth_user_user_permissions_user_id_a95ead1b_fk_auth_user_id; Type: FK CONSTRAINT; Schema: public; Owner: admin
--

ALTER TABLE ONLY public.auth_user_user_permissions
    ADD CONSTRAINT auth_user_user_permissions_user_id_a95ead1b_fk_auth_user_id FOREIGN KEY (user_id) REFERENCES public.auth_user(id) DEFERRABLE INITIALLY DEFERRED;


--
-- Name: authtoken_token authtoken_token_user_id_35299eff_fk_auth_user_id; Type: FK CONSTRAINT; Schema: public; Owner: admin
--

ALTER TABLE ONLY public.authtoken_token
    ADD CONSTRAINT authtoken_token_user_id_35299eff_fk_auth_user_id FOREIGN KEY (user_id) REFERENCES public.auth_user(id) DEFERRABLE INITIALLY DEFERRED;


--
-- Name: django_admin_log django_admin_log_content_type_id_c4bce8eb_fk_django_co; Type: FK CONSTRAINT; Schema: public; Owner: admin
--

ALTER TABLE ONLY public.django_admin_log
    ADD CONSTRAINT django_admin_log_content_type_id_c4bce8eb_fk_django_co FOREIGN KEY (content_type_id) REFERENCES public.django_content_type(id) DEFERRABLE INITIALLY DEFERRED;


--
-- Name: django_admin_log django_admin_log_user_id_c564eba6_fk_auth_user_id; Type: FK CONSTRAINT; Schema: public; Owner: admin
--

ALTER TABLE ONLY public.django_admin_log
    ADD CONSTRAINT django_admin_log_user_id_c564eba6_fk_auth_user_id FOREIGN KEY (user_id) REFERENCES public.auth_user(id) DEFERRABLE INITIALLY DEFERRED;


--
-- Name: users_patient_doctors users_patient_doctors_doctor_id_d68d5528_fk_users_doctor_id; Type: FK CONSTRAINT; Schema: public; Owner: admin
--

ALTER TABLE ONLY public.users_patient_doctors
    ADD CONSTRAINT users_patient_doctors_doctor_id_d68d5528_fk_users_doctor_id FOREIGN KEY (doctor_id) REFERENCES public.users_doctor(doctor_id) DEFERRABLE INITIALLY DEFERRED;


--
-- Name: users_patient_doctors users_patient_doctors_patient_id_92369091_fk_users_patient_id; Type: FK CONSTRAINT; Schema: public; Owner: admin
--

ALTER TABLE ONLY public.users_patient_doctors
    ADD CONSTRAINT users_patient_doctors_patient_id_92369091_fk_users_patient_id FOREIGN KEY (patient_id) REFERENCES public.users_patient(patient_id) DEFERRABLE INITIALLY DEFERRED;


--
-- Name: users_patientdoctormapping users_patientdoctorm_doctor_id_id_ffded54d_fk_users_doc; Type: FK CONSTRAINT; Schema: public; Owner: admin
--

ALTER TABLE ONLY public.users_patientdoctormapping
    ADD CONSTRAINT users_patientdoctorm_doctor_id_id_ffded54d_fk_users_doc FOREIGN KEY (doctor_id_id) REFERENCES public.users_doctor(doctor_id) DEFERRABLE INITIALLY DEFERRED;


--
-- Name: users_patientdoctormapping users_patientdoctorm_patient_id_id_e3de2d19_fk_users_pat; Type: FK CONSTRAINT; Schema: public; Owner: admin
--

ALTER TABLE ONLY public.users_patientdoctormapping
    ADD CONSTRAINT users_patientdoctorm_patient_id_id_e3de2d19_fk_users_pat FOREIGN KEY (patient_id_id) REFERENCES public.users_patient(patient_id) DEFERRABLE INITIALLY DEFERRED;


--
-- PostgreSQL database dump complete
--

